ID,SKU,Nombre,Stock_Nuevo,Stock_Actual_WC,Diferencia
18907,810390028320,ALPHA AMINO 30 SERV. FRUIT PUNCH CELLUCOR,8,4,4
18906,810390028313,ALPHA AMINO 30 SERV. ICY BLUE RAZZ CELLUCOR,16,11,5
18908,810390028344,ALPHA AMINO 30 SERV. WATERMELON CELLUCOR,15,9,6
19873,748927023190,AMINO ENERGY BLUE RASPBERRY 585G,99,101,-2
19849,748927062113,AMINO ENERGY BLUEBERRY LIMON 270 G,5,6,-1
19852,748927054002,AMINO ENERGY BLUEBERRY MOJITO 270 G,26,28,-2
19857,748927026658,AMINO ENERGY CONCOR GRAPE 270 G,14,15,-1
19874,748927023374,AMINO ENERGY FRUIT FUSION 585G,112,102,10
19855,748927051704,AMINO ENERGY GREEN APPLE 270 G,30,29,1
19847,748927059144,AMINO ENERGY JUICY STRAWBERRY 270 G,0,1,-1
19853,748927025255,AMINO ENERGY ORANGE 270 G,23,26,-3
19083,748927060621,AMINO ENERGY RTD SPANLING AE GRAPE OPTIMUN NUTRICION,335,362,-27
19084,748927062731,AMINO ENERGY RTD SPARLING AE JUCY CHERRY OPTIMUN NUTRICION,488,572,-84
19085,748927060607,AMINO ENERGY RTD SPARLING AE JUCY STRAWERRY OPTIMUN NUTRICION,181,236,-55
19088,748927068269,AMINO ENERGY SPARLING AE BERRY BURST OPTIMUN NUTRICION,497,539,-42
19086,748927062748,AMINO ENERGY SPARLING AE MANGO PINIAPLE LIMONADE OPTIMUN NUTRICION,383,447,-64
19089,748927063486,AMINO ENERGY SPARLING AE PEACH BELLINI OPTIMUN NUTRICION,691,736,-45
19087,748927060614,AMINO ENERGY SPARLING AE WATHERMELO OPTIMUN NUTRICION,586,671,-85
11841,748927068238,AMINO ENERGY STRAWBERRY BURST + ELECTROLITOS 270 G,45,46,-1
19851,748927051698,AMINO ENERGY STRAWBERRY LIMON 270 G,33,34,-1
19848,748927069068,AMINO ENERGY TROPICAL SUNRISE 270 G,2,3,-1
19854,748927026672,AMINO ENERGY WATERMELON 270 G,151,152,-1
19875,748927051308,AMINO ENERGY WATERMELON 585G,98,99,-1
11842,748927060522,AMINO ENERGY WATERMELON SPLASH 270 G + ELECTROLITOS,42,43,-1
19850,748927063646,AMINO ENERGY WILD BERRY 270 G,1,2,-1
21120,608631655271,AMINO ESENCIAL 52 SERV. 520G BERRY ICE TEA IMPULSE,11,16,-5
21119,608631655288,AMINO ESENCIAL 52 SERVIN 20 GRAMOS PINK LEMONADE IMPULSE,3,5,-2
21121,703556204907,AMINO ESENCIAL 52 SERVING PINA COLADA IMPULSE,10,12,-2
19255,810121057995,AMINO K.E.M CITRUS CANDY- EVOGEN,7,8,-1
19262,817189024532,AMINO K.E.M SOUR WATERMELON- EVOGEN,8,9,-1
19260,817189025393,AMINO K.E.M TROPIC TUNDER-EVOGEN,10,11,-1
19959,799142775005,AMINO REVOLUTION + ELECTROLITROS COCONUT 30 SERVI-LANDERFIT,3,4,-1
11248,850030689016,ASHWAGANDHA KSM-66 REVIVE,26,30,-4
8688,859400007719,BCAA 6000 WATERMELON 30 SERV NUTREX,2,0,2
13370,810139572879,BERBERINA 60 CAPSULAS,66,0,66
11862,850049150613,BETA ALANINE 60 SERVING RAW,11,3,8
11861,810121056486,BETA-ALANINE EVOGEN,20,25,-5
140,811213027513,BPI MICRONIZED CREATINA 600G UNFLAVORED,111,112,-1
19045,850016779366,BROWNIE + COLLAGEN RED VELVET,80,82,-2
19047,850016779359,BROWNIE +COLLAGEN BIRTHDAY CAKE BLONDIE,112,114,-2
19044,850016779373,BROWNIE CHOCOLATE FUDGE,275,281,-6
18986,850057175295,BUM-ENERGY - ROOT BEER,16,19,-3
18919,842595106084,C4 ORIGINAL ICE BLUE RAZZ 60 SERV (PRE-WORK) CELLUCOR,1,2,-1
20445,842595131741,C4 PERFORMANCE 16OZ ATOMIC GRAPE,58,62,-4
20470,842595131253,C4 PERFORMANCE 16OZ CHERRY,106,120,-14
20468,842595131628,C4 PERFORMANCE 16OZ CREAMISCLE,67,80,-13
20447,842595131727,C4 PERFORMANCE 16OZ ELECTRIC SOUR APPLE,61,65,-4
20448,842595135534,C4 PERFORMANCE 16OZ FROST BITTEN CITRUS,74,88,-14
20432,842595121650,C4 PERFORMANCE 16OZ FRUIT PUNCH,55,94,-39
20467,842595131291,C4 PERFORMANCE 16OZ HAWAIIAN PINEAPLE,3312,6313,-3001
20475,842595131277,C4 PERFORMANCE 16OZ POPSICLE GRAPE,269,311,-42
20449,842595135558,C4 PERFORMANCE 16OZ TROPICAL TUNDRA FROST,74,115,-41
20446,842595135541,C4 PERFORMANCE CHERRY BOMB FROST,63,76,-13
20471,842595121766,C4 PERFORMANCE COSMIC RAINBOW,79,126,-47
20431,842595106619,C4 PERFORMANCE ENERGY 16OZ ARCTIC SNOW CONE,65,63,2
20469,842595134957,C4 PERFORMANCE ENERGY 16OZ BLUE RASPBERRY JOLLY RANCHER,99,91,8
20474,842595106596,C4 PERFORMANCE ENERGY 16OZ FROZEN BOMBSICLE,41,44,-3
20473,842595134971,C4 PERFORMANCE ENERGY 16OZ GREEN APPLE JOLLY RANCHER,97,110,-13
20476,842595133608,C4 PERFORMANCE ENERGY 16OZ HAWAIIAN PUNCH TROPIC JUICE,70,97,-27
20477,842595111095,C4 PERFORMANCE ENERGY 16OZ MIDNIGTH CHERRY,67,82,-15
9445,842595119831,C4 PERFORMANCE ENERGY 16OZ SPARLING CHERY BERRY LIME,0,21,-21
20472,842595121759,C4 PERFORMANCE ENERGY 16OZ STRAWBERRY BLAST,90,103,-13
20466,842595106572,C4 PERFORMANCE ENERGY 16OZ STRAWBERY WATTERMELON ICE,78,74,4
20478,842595134964,C4 PERFORMANCE ENERGY 16OZ WATERMELON JOLLY RANCHER,97,95,2
20465,842595111071,C4 PERFORMANCE16OZ CHERRYLIMEADE,111,114,-3
19356,810121051306,CARNIGEN REMIUN LIQUID SOUR GUMMIES-EVOGEN,36,38,-2
11149,829263210137,CATEGORY 5 - CREATINA POWDER STIM FREE PREWORKOUT - MUSCLEOLOGY,34,32,2
19032,850039445798,CBUM PROTEINA 2 LBS ITOLATE BIRTHAY CAKE,16,20,-4
19023,850057175356,CBUM-ITHOLATE-PROTEIN-VANILLA-OA TMEAL COOKIE - 5LB (ISOLATADA),4,5,-1
19432,810121058015,CELL K.E.M PEACH RING,6,9,-3
19431,7503029523005,CELL K.E.M PR V.2 TROPIC THUNDER -EVOGEN,17,20,-3
9190,612590416057,CLA -2000 120 CAPSULAS- LANDERFIT,23,24,-1
14414,612590415883,COLAGENO-HIDROLIZADO + VITAMINA C + ÃCIDO HIALURONICO â SABOR NARANJA â 30 SERV â LANDERFIT,114,117,-3
13373,810014671659,COQ10 60 CAPSULAS,2,3,-1
11849,810390025824,CREATINA 72SERV. CELLUCOR,0,1,-1
11853,817189029032,CREATINA MICRONIZADA MONOHIDRATADA 60SERV. EVOGEN,98,99,-1
268,853237000745,CREATINA MONOHIDRATADA DRIVE 300G NUTREX,2022,2157,-135
13114,850026029925,CREATINA MONOHIDRATE 200 SERVING NUTREX,404,423,-19
11830,748927023848,CREATINA ON POWDER MICRONISADA,391,410,-19
18892,703556204938,CREATINA STIM PRO 52 SERV. ORANGE IMPULSE,19,26,-7
18891,608631655431,CREATINA STIM PRO WATERMELON IMPULSE,42,49,-7
18893,608631655424,CREATINA STIM PRO52 SERV. FRUIT PUNCH IMPULSE,56,58,-2
108,745560722015,"CREATINE SUPER ATP, 80 SERVS). 400G (UNFLAVORED) (CREATINA)",42,50,-8
13375,713325974009,DHEA 180 CAPSULAS,12,14,-2
9215,799142775432,DIURETICO 40 CAPSULAS LANDERFIT,15,16,-1
19245,817189022743,EVOFUSION CHOCOLATE SHAKE 4.6 LBS EVOGEN,6,7,-1
19244,810121053737,EVOFUSION COOKIES AND CREAM 4.6 LBS EVOGEN,0,2,-2
19305,8101210579694,EVP 3D JUCY GRAPPE EVOGEN,8,9,-1
19309,810121053980,EVP 3D POLAR CHRRY FROST- EVOGEN,10,11,-1
19310,810121053997,EVP 3D VICTORY PUNCH- EVOGEN,5,6,-1
19407,810121054000,EVP EXTREME N.O. VICTORY PUNCH-EVOGEN,6,5,1
19404,810121058961,EVP XTREME BLACK BERRY LEMONADA,12,13,-1
19412,817189028240,EVP XTREME N.O. BLUEBERRY APPLE-EVOGEN,4,5,-1
19415,817189025270,EVP XTREME N.O.TROPIC THUNDER- EVOGEN,8,9,-1
19416,810121058695,EVP XTREME PATRIOT POP,3,4,-1
19408,810121053966,EVP XTREME PEACH RINGS,3,5,-2
19345,810121055274,EVP XTREME VICTORY PUNCH EVOGEN,3,6,-3
19318,817189024600,EVP-3D TROPIC THUNDER-EVOGEN,7,8,-1
19366,810121055328,EVP-AQ TROPIC THUNDER- EVOGEN,5,13,-8
19828,748927060140,GOLD STANDAR WHEY DOBLE RICH 1.47 LBS 22 SERVING,5,6,-1
19827,748927060133,GOLD STANDAR WHEY VAINILLA ICE CREAM 1.5 LBS 22 SERVING,8,17,-9
19838,748927028706,GOLD STANDAR WHEY VAINILLA ICE CREAM 5 LBS,54,57,-3
19819,748927028652,GOLD STANDAR WHEY VAINILLA ICE CREAN 1.98 LBS,31,39,-8
19818,748927028614,GOLD STANDARD WEY DOBLE RICH CHOCOLATE 2 LB,46,51,-5
19837,748927028669,GOLD STANDARD WEY DOUBLE RICH CHOCOLATE 5 LBS,405,413,-8
19281,810121055298,HIDRATACION LEMON LIME,17,18,-1
19278,810121057261,HIDRATACION PEACH TEA,15,17,-2
19123,850049150651,INT-WHEY-BLEND-COOKIES-CREAM-F L - 5LB (PROTEINA BLEND),4,6,-2
19210,705016600366,ISO 100 BIRTHDAY CAKE PEBBLES 1.34 LBS DYMATIZE,3,2,1
19229,705016353422,ISO 100 COCOA PEBBLES 3 LBS DYMATIZE,11,12,-1
19188,705016353446,ISO 100 COCOA PEBBLES 5 LBS DYMATIZE,5,2,3
19190,705016353439,ISO 100 FRUTY PEBLLES 5 LBS DYMATIZE,13,17,-4
19227,705016353231,ISO 100 FUDGE BROWNIE 3 LIBRAS DYMATIZE,10,6,4
19185,705016500406,ISO 100 FUGGE BROWNIE 5 LBS DYMATIZE,0,1,-1
19186,705016353170,ISO 100 STRAWERRY 5 LBS DYMATIZE,0,1,-1
20388,705016358205,ISO 100 VAINILLA 20 SERV. 1.34 LBS DYMATIZE,213,226,-13
20385,705016353217,ISO 100 VAINILLA 5 LBS DYMATIZE,119,125,-6
19779,853237000837,ISOFIT 30 SERVING STRAWERRY NUTREX,15,12,3
19792,853237000769,ISOFIT COOKIES AND CREAM 70SRV 5 LBS NUTREX,4,6,-2
19782,859400007559,ISOFIT VAINILLA ICE CREAM 2 LBS. NUTREX,25,30,-5
19747,810121056899,ISOJECT BIRTHDAY CAKE 1.71 LBS ISOJET EVOGEN,6,8,-2
19751,817189020237,ISOJECT CHOCOLATE PEANUT BUTTER 1.97 LBS EVOGEN,8,6,2
19750,810121056417,ISOJECT CHOCOLATE PEANUTBUTTER BANANA 1.76 LBS ISOJET EVOGEN,5,6,-1
19237,817189028981,ISOJECT DE 4 LBS CHOCOLATE EVOGEN,1,4,-3
19752,810121052105,ISOJECT FRUITYCREREAL 1.83 LBS ISOJET EVOGEN,9,8,1
19757,810121056721,ISOJECT ICE CREAM SANDWICH 1.82 LBS ISOJET EVOGEN,6,7,-1
19756,810121056455,ISOJECT MINI CRISPY COOKIES 1.87 LBS EVOGEN,5,6,-1
18874,745560722183,L CARNITINA 3500 FRUIT PONCHS IMPULSE,4,7,-3
18875,703556204730,L CARNITINA 3500 RED & GREEN IMPULSE,9,11,-2
18871,745560722039,L- CARNITINA 3500 MANGO ALEGRE IMPULSE,13,14,-1
18873,745560722030,L- CARNITINA 3500 PIÃA COLADA IMPULSE,2,4,-2
18870,703556204751,L-CARNITINA 3500 WATERMELON IMPULSE,12,13,-1
10078,710779770096,LEAN BODY CHOCOLATE LABRADA 17OZ,507,0,507
10076,710779770171,LEAN BODY COOKIES & CREAM LABRADA 17OZ,251,0,251
10154,710779770102,LEAN BODY STRAWBERRY LABRADA 17OZ,856,0,856
10077,710779770089,LEAN BODY VANILLA LABRADA 17OZ,199,0,199
18942,7503018110578,LEAN GAINER 12 LIBRAS DUTCH CHOCOLATE,4,7,-3
18929,7503029522926,LEAN GAINER 8 LBS DUTCH CHOCOLATE,1,3,-2
18928,7500634002065,LEAN GAINER 8 LIBRAS VAINILLA,2,8,-6
12930,817189027298,LIPOCICIDE FAT 60 CAPSULAS EVOGEN,11,14,-3
11857,817189027786,LIPOCIDE WATERMELON TERMOGENICO EVOGEN,1,0,1
13377,810139574170,MAGNESIUM CITRATE 60 CAPSULAS,73,6,67
13376,810139574088,MAGNESIUM COMPLEX 30 CAPSULAS,61,0,61
18958,631656716979,MASS TECH -EXTREME 2000- VAINILLA 2000 6 LBS MUSCLETECH,21,23,-2
18957,631656716962,MASS TECH EXTREME 2000-6 LBS TRIPLE CHOCOLATE BROWNIE,36,38,-2
13381,810014675367,NAC 120 CAPSULAS,60,1,59
13382,810139574149,NAC DE 600 MG 30 CAPSULAS,27,28,-1
11247,850030689467,NAC REVIVE,17,18,-1
8689,850005755807,NUTREX BCAA 6000 GREEN APPLE 30 SERV,15,16,-1
8690,853237000202,NUTREX LIPO-6 CLA 45CT NUTREX,2,3,-1
9200,612590416019,"OMEGA 3, ACEITE DE PESCADO LANDERFIT",121,129,-8
19011,612590415845,"PREMIUM WHEY STRAWBERRY 2,06 LBS-LANDERFIT",8,12,-4
19010,612590415838,PREMIUN WHEY LANDERFIT CHOCOLATE 26 SERVING,50,69,-19
19009,612590416668,PREMIUN WHEY VAINILLA 26 SERVING- LANDERFIT,18,31,-13
18195,703556204815,PROLIVE BIO5 BUTTER BLASTER DE 5 LBS IMPULSE,126,128,-2
18194,608631655486,PROLIVE BIO5 CAPUCHINO 5 LIBRAS IMPULSE,269,278,-9
18189,703556204846,PROLIVE BIO5 CARAMEL PEANUT BUTTER DE 5 LBS IMPULSE,55,57,-2
18191,745560722176,PROLIVE BIO5 COOKIS AND CREAM DE 5LB IMPULSE,100,109,-9
18192,745560722152,PROLIVE BIO5 DE CHOCOLATE 5 LBS IMPULSE,345,351,-6
18190,745560722145,PROLIVE BIO5 STRAWBERRY ICE CREAN 5 LBS IMPULSE,326,231,95
18187,745560722138,PROLIVE BIO5 VAINILLA DE 5 LB IMPULSE,250,156,94
18188,703556204822,PROLIVE BIO5 WHITE CHOCORAINBOW DE 5 LB IMPULSE,44,56,-12
18856,713101732038,PROLIVE BIO6 COFFEE LOVERS DE 6 LB IMPULSE,57,60,-3
18855,713101732045,PROLIVE BIO6 CRISPY TOFFEE 6 LBS IMPULSE,48,49,-1
19056,860008634443,PROTEIN COOKIE CHOCOLATE CHIP,43,47,-4
19057,860008634467,PROTEIN COOKIE PEANUT BUTTER,75,77,-2
19072,748927066593,PROTEIN SHAKE CHOCOLATE 325 ML OPTIMUN NUTRICION,113,143,-30
19073,748927069815,PROTEIN SHAKE STRAWBERRY 325ML OPTIMUN NUTRICION,100,120,-20
19074,748927066586,PROTEIN SHAKER VAINILLA 325 ML OPTIMUN NUTRICION,491,515,-24
8554,891597002542,PROTEINA 4 LBS CHOCOLATE CARNIVOR (MUSCLE MEDS),60,62,-2
18978,850044753833,PROTEINA DE 4.8 LB COOKIE & CREAM PRIMEVAL LABS,69,76,-7
18979,850044753857,PROTEINA DE 4.8 LB VAINILLA PRIMEVAL LABS,79,81,-2
19208,705016354207,PROTEINA ISO 100 FRUITY PEBBLES 20 SERV. 1.34 LBS DYMATIZE,431,1,430
19781,859400007337,PROTEINA ISOFIT CHOCOLATE SHAKE 30 SERV. NUTREX,9,12,-3
19780,853237000738,PROTEINA ISOFIT COOKIES &CREAM 30 SERV. NUTREX,19,28,-9
19033,860007286919,PROTEINA ISOLATADA DE 2 LBS CINNAMON CRUNCH CEREAL,6,7,-1
8970,628081005389,PROTEINA MASS SALTED CARAMEL 15 LBS ANS,0,1,-1
10103,6009544941668,QHUSH EXTREME ENERGY + NOOTROPIC GLACIER 500ML,69,60,9
13383,810014674001,R-ALPHA LIPOIC ACID 100 MG 120 CAPSULAS,12,14,-2
12945,745560721971,RAPTOR X5 FRUIT PUNCH IMPULSE,3,4,-1
9593,850039445347,RAW PUMP - STRABERRY - LEMONADE,0,1,-1
10709,860007448966,RAW TEST,0,3,-3
8878,850039445613,RAW-EAA-ISLAND-SLUSHIE (AMINOACIDOS ESSENCIALES),1,2,-1
11865,860007448959,RAW-EAA-PINEAPPLE (AMINOACIDOS ESSENCIALES),0,3,-3
19002,860007448928,RAW-SLEEP-MIXED BERRY (SOPORTE PARA UN MEJOR SUEÃO REPARADOR),19,20,-1
19965,612590416651,REDS & GREENS PINA 30 SERVING- LANDERFIT,19,20,-1
18896,5056555201725,RTD BLUE LAGOON A.B.E,64,65,-1
20406,891597004034,RTD CARNIVOR 500ML CHOCOLATE (MUSCLE MEDS),809,226,583
20407,891597006137,RTD CARNIVOR 500ML FRUIT CEREAL (MUSCLE MEDS),768,170,598
20409,891597006113,RTD CARNIVOR 500ML VAINILLA (MUSCLE MEDS),847,251,596
20408,891597006427,RTD CARNIVOR SALTED CARAMEL 500ML (MUSCLE MEDS),826,225,601
14439,799142775340,SAW PALMETO 500 MG 100 CAPSULAS-LANDERFIT,21,22,-1
9723,666222097404,SUPER FAT BURNER + (MHP),78,80,-2
8556,631656603118,TETOSTERONA BUSTER SIX STAR MUSCLETECH,14,12,2
93,745560722206,THERMOBLAST M5 (FAT BURNER) 120 CAPS (QUEMADOR HOMBRE) IMPULSE,3,4,-1
13385,810014675275,TUDCA 60 CAPSULAS,64,0,64
9151,612590416644,"VEGAN-PROTEIN VAINILLA 2,04 LBS LANDERFIT",55,57,-2
11858,810121055113,VITAMIN D3 EVOGEN,40,43,-3
11255,850030689450,VITAMIN D3 REVIVE,101,68,33
13387,810014675435,VITAMINA B 12 DE 2000 MG 240 CAPSULAS,1,2,-1
9214,612590416446,VITAMINA C- 1000MG -LANDFERFIT,9,10,-1
13390,810139574361,VITAMINA- E 30 CAPSULAS,21,22,-1
11159,829263000172,VITE-OLOGY MULTIVITAMINICO MUSCLEOLOGY,32,33,-1
19801,850026029079,WHEY 100 % CHOCOLATE 2 LBS 26 SERVING NUTREX,23,29,-6
19803,850060362675,WHEY 100% COOKIES AND CREAN 2LBS NUTREX,29,34,-5
19802,850026029055,WHEY 100% VAINILLA 2 LBS NUTREX,30,36,-6
18934,7503013595776,WHEY PROTEIN 5 LBS DUTCH CHOCOLATE,14,15,-1
8555,666222941004,XPEL CAPS (MHP),81,77,4
18913,181030000168,XTEND ORIGINAL 90 SERV. BLUE RASBERRY ICE,8,9,-1
18911,812135021665,XTEND ORIGINAL 90 SERV. ITALIAN BLOOD ORANGE,14,10,4
18912,181030000144,XTEND ORIGINAL 90 SERV. SMASH APPLE,16,12,4
13391,810014679570,YOHIMBINE120 CAPSULAS,82,10,72
